{
 "name"         : "Oculus",
 "repository"   : "plugin.video.oculus",
 "plugin"       : "plugin.video.oculus",
 "priority"     : 200,
 "id"           : "direct.oculus.q",
 "filters"      : {},
 "postprocess"  : "",
 "movies"       : [
  [
   {
    "link"      : "plugin://plugin.video.oculus/?action=play",
     "steps"     : [
     "@any",
     ".*{title}.*"
     ],
    "action"    : "RUN"
 
   }
  ]
 ], 
 "tvshows"      : [
  [
   {
    "link"      : "plugin://plugin.video.oculus/?action=play",
     "steps"     : [
     "@any",
     ".*{title}.*"
     ],
    "action"    : "RUN"
   }
  ]
 ],
 "musicvideos"  : [],
 "music"        : [],
 "live"         : []
}