{
 "name"         : "[COLOR ff0084ff]Wolf pack[/COLOR] - ([COLOR red]פרימיום[/COLOR])",
 "repository"   : "repository.metalkettle",
 "plugin"       : "plugin.video.wolfpack",
 "priority"     : 600,
 "id"           : "direct.wolfpack.q",
 "filters"      : {},
 "postprocess"  : "",
  "movies"       : [
  [
   {
    "link"      : "plugin://plugin.video.wolfpack/?action=play&url=%3Csublink%3E%3Cpreset%3Esearch%3C%2Fpreset%3E%3Ccontent%3Emovie%3C%2Fcontent%3E%3Cimdb%3E{imdb}%3C%2Fimdb%3E%3Ctitle%3E{title}%3C%2Ftitle%3E%3Cyear%3E{year}%3C%2Fyear%3E%3C%2Fsublink%3E%3Csublink%3E%3Cpreset%3Esearchsd%3C%2Fpreset%3E%3Ccontent%3Emovie%3C%2Fcontent%3E%3Cimdb%3E{imdb}%3C%2Fimdb%3E%3Ctitle%3E{title}%3C%2Ftitle%3E%3Cyear%3E{year}%3C%2Fyear%3E%3C%2Fsublink%3E",
    "steps"     : [],
    "action"    : "PLAY"
   }
  ]
 ],
 "tvshows"      : [
  [
   {
    "link"      :"plugin://plugin.video.wolfpack/?action=play&url=%3Csublink%3E%3Cpreset%3Esearch%3C%2Fpreset%3E%3Ccontent%3Emovie%3C%2Fcontent%3E%3Cimdb%3E{imdb}%3C%2Fimdb%3E%3Ctitle%3E{title}%3C%2Ftitle%3E%3Cyear%3E{year}%3C%2Fyear%3E%3C%2Fsublink%3E%3Csublink%3E%3Cpreset%3Esearchsd%3C%2Fpreset%3E%3Ccontent%3Emovie%3C%2Fcontent%3E%3Cimdb%3E{imdb}%3C%2Fimdb%3E%3Ctitle%3E{title}%3C%2Ftitle%3E%3Cyear%3E{year}%3C%2Fyear%3E%3C%2Fsublink%3E",
    "steps"     : [],
    "action"    : "PLAY"
   }
  ]
 ],
 "musicvideos"  : [],
 "music"        : [],
 "live"         : []
}
