{
 "name"         : "Anonymous Play 4K",
 "repository"   : "repository.Anonymous",
 "plugin"       : "plugin.video.chappaai",
 "priority"     : 200,
 "id"           : "direct.Anonymous",
 "filters"      : {},
 "postprocess"  : "",
 "movies"       : [
  [
     {
    "link"      : "plugin://plugin.video.AtTheFlix/",
    "steps"     : [
	     "@anycontaining:4K UHD Movies",
		 ".*{title}.*"
     ],
    "action"    : "PLAY"
   },
   	      {
    "language": "en",
    "link"      : "plugin://plugin.video.UniverseHD/?description&amp;fanart=http%3a%2f%2fworldkodi.com%2fUniverseHD%2fIcons%2fFanart.jpg&amp;iconimage=http%3a%2f%2fworldkodi.com%2fUniverseHD%2fIcons%2fUHD.png&amp;mode=2&amp;name=%5bCOLOR%20white%5dUHD%204K%5b%2fCOLOR%5d&amp;url=http%3a%2f%2fworldkodi.com%2fUniverseHD%2fXml%2fUHD.xml",
    "steps"     : ["@keyboard: {title}", ".*{title}.*"],
    "action"    : "PLAY"
   },
     {
    "link"      : "plugin://plugin.video.StarTec/?description=No%20information%20available&amp;fanart=http%3a%2f%2fpin-insta-decor.com%2fwp-content%2fuploads%2f2016%2f07%2fHome-theater-ceiling-home-theater-contemporary-with-painted-wall-tray-ceiling-leather-chairs.jpg&amp;iconimage=http%3a%2f%2fgen-tec.co%2fgentecwiz%2fPLEASE%2520SUBSCRIBE%2520TO%2520CHARLIE%2520TEC%2520YOUTUBE%2faddonicons%2f4K.png&amp;mode=get_list&amp;name=%5bB%5d%5bCOLOR%20orange%5d4K%5b%2fCOLOR%5d%5bCOLOR%20white%5d%20MOVIES%5b%2fCOLOR%5d%5b%2fB%5d&amp;url=http%3a%2f%2fgen-tec.co%2fgentecwiz%2fPLEASE%2520SUBSCRIBE%2520TO%2520CHARLIE%2520TEC%2520YOUTUBE%2fstar%2fmovies%2f4kmovies.xml",
    "steps"     : ["@keyboard: {title}", ".*{title}.*"],
    "action"    : "PLAY"
   },
         {
    "link"      : "plugin://plugin.video.supremacy/",
    "steps"     : [
	     "@anycontaining:4K Movies",
		 ".*{title}.*"
     ],
    "action"    : "PLAY"
   },
      {
    "link"      : "plugin://plugin.video.supremacy/",
    "steps"     : [
	     "@anycontaining:4K Movies",
		 ".*{title}.*"
     ],
    "action"    : "ACTIVATE"
   },
      {
    "link"      : "plugin://plugin.video.thedogsbollocks/?fanart=https%3a%2f%2fwallpaperscraft.com%2fimage%2fpuppy_fold_bulldog_cute_dog_51167_1920x1080.jpg&amp;mode=1&amp;name=%5bB%5d%5bI%5d%5bCOLORwhite%5dMovies%5b%2fB%5d%5b%2fI%5d%5b%2fCOLOR%5d&amp;url=http%3a%2f%2fsupremacy.org.uk%2ftombraider%2fdogsbollocks%2fmoviezone.txt",
    "steps"     : [
	     "@anycontaining:4K Movies",
		 ".*{title}.*"
     ],
    "action"    : "ACTIVATE"
    },
   	      {
    "language": "en",
    "link"      : "plugin://plugin.video.MaverickTV/?fanart=https%3a%2f%2fi.imgur.com%2fhx2pcsb.jpg&amp;iconimage=http%3a%2f%2fmavericktv.net%2fdata%2ficons%2f4k.jpg&amp;mode=1&amp;name=%5bCOLOR%20lime%5d%5bB%5dMaverick%204K%20UHD%20Movies%5b%2fB%5d%5b%2fCOLOR%5d&amp;url=https%3a%2f%2fpastebin.com%2fraw%2fDHHXrThW",
    "steps"     : ["@keyboard: {title}", ".*{title}.*"],
    "action"    : "PLAY"
   },
   		{
    "link"      : "plugin://repository.morepower/?action=directory&amp;content=addons&amp;url=http%3a%2f%2fwolfpackcrew.co.uk%2fseeddata%2fmorepower%2f4K.xml",
    "steps"     : [
     "@keyboard: {title}",
	 ".*{title}.*"    ],
    "action"    : "PLAY"
    },
	   	      {

    "link"      : "plugin://plugin.video.monstermunch/?fanart=http%3a%2f%2fsteptoesplace.net%2fpics%2fmonster-munch-300x300.png&amp;mode=1&amp;name=%5bCOLOR%20white%5d%5bB%5d%2a%2a4K%20MOVIES%2a%2a%5b%2fB%5d%5b%2fCOLOR%5d&amp;url=http%3a%2f%2fsteptoesplace.net%2fserver%2f4k.xml",
    "steps"     : ["@keyboard: {title}", ".*{title}.*"],
    "action"    : "ACTIVATE"
   }
  ]
 ]
}