{
 "name"         : "Anonymous Play RD",
 "repository"   : "repository.Anonymous",
 "plugin"       : "plugin.video.chappaai",
 "priority"     : 200,
 "id"           : "direct.Anonymous",
 "filters"      : {},
 "postprocess"  : "",
 "movies"       : [
  [
       {
    "language": "en",
    "link"      : "plugin://plugin.video.AtTheFlix/?description=No%20information%20available&amp;fanart=https%3a%2f%2fi.imgur.com%2fJTwgLfz.jpg&amp;iconimage=http%3a%2f%2fmavericktv.net%2fdata%2fflix%2ficon.png&amp;mode=get_list&amp;name=%5bCOLOR%20red%5d%5bB%5dOpenload%20%2f%20Real%20Debrid%20Movies%5b%2fB%5d%5b%2fCOLOR%5d&amp;url=http%3a%2f%2fmavericktv.net%2fdata%2fmovies%2fopen.xml",
    "steps"     : [
     "@keyboard: {title}",
	 ".*{title}.*"    ],
    "action"    : "PLAY"
    },
        {
    "language": "en",
    "link"      : "plugin://plugin.video.UniverseHD/?description&amp;fanart=http%3a%2f%2fworldkodi.com%2fUniverseHD%2fIcons%2fFanart.jpg&amp;iconimage=http%3a%2f%2fworldkodi.com%2fUniverseHD%2fIcons%2fHD%2520Movies.png&amp;mode=2&amp;name=%5bCOLOR%20white%5dHD%20Movies%5b%2fCOLOR%5d&amp;url=http%3a%2f%2fworldkodi.com%2fUniverseHD%2fXml%2fHD%2520Movies.xml",
    "steps"     : ["@keyboard: {title}", ".*{title}.*"],
    "action"    : "PLAY"
   },
      {
    "link"      : "plugin://plugin.video.MaverickTV/",
    "steps"     : [
	     "@anycontaining:Real Debrid 4K UHD And FHD",
		 ".*{title}.*"
     ],
    "action"    : "PLAY"
   },
   {
    "link"      : "plugin://plugin.video.supremacy/?fanart=http%3a%2f%2fstephen-builds.uk%2fart%2f20839702_10207884860798337_363786087_o.jpg&amp;mode=1&amp;name=%5bCOLOR%20aqua%5dReal%20Debrid%20Movies%5b%2fCOLOR%5d&amp;url=http%3a%2f%2fstephen-builds.uk%2fsupremacy%2fReal%2520Debrid%2520Movies%2fReal%2520Debrid%2520Movies.xml",
    "steps"     : ["@keyboard: {title}", ".*{title}.*"],
    "action"    : "PLAY"
   },
    {
    "link"      : "plugin://plugin.video.supremacy/?fanart=http%3a%2f%2fstephen-builds.uk%2fart%2f20839702_10207884860798337_363786087_o.jpg&amp;mode=1&amp;name=%5bCOLOR%20aqua%5dReal%20Debrid%20Movies%5b%2fCOLOR%5d&amp;url=http%3a%2f%2fstephen-builds.uk%2fsupremacy%2fReal%2520Debrid%2520Movies%2fReal%2520Debrid%2520Movies.xml",
    "steps"     : ["@keyboard: {title}", ".*{title}.*"],
    "action"    : "ACTIVATE"
   },
           {
    "language": "en",
    "link"      : "plugin://plugin.video.subzero/?description=No%20information%20available&amp;fanart=https%3a%2f%2fi.imgur.com%2fBXKa3kp.jpg&amp;iconimage=https%3a%2f%2fi.imgur.com%2fZ78Faby.png&amp;mode=get_list&amp;name=%5bCOLOR%20white%5d%5bB%5dReal%20Debrid%20Movie%20Collection%5b%2fB%5d%5b%2fCOLOR%5d&amp;url=http%3a%2f%2fsubzero.srve.io%2fnewsubzero%2frealdebridmovies.xml",
    "steps"     : [
     "@keyboard: {title}",
	 ".*{title}.*"    ],
    "action"    : "PLAY"
    },
        {
    "language": "en",
    "link"      : "plugin://plugin.video.thedogsbollocks/?fanart=https%3a%2f%2fwallpaperscraft.com%2fimage%2fpuppy_fold_bulldog_cute_dog_51167_1920x1080.jpg&amp;mode=1&amp;name=%5bB%5d%5bCOLORwhite%5dReal%20Debrid%20BluRay%20Movies%5b%2fCOLOR%5d%5b%2fB%5d&amp;url=http%3a%2f%2fsupremacy.org.uk%2ftombraider%2fdogsbollocks%2frealdebrid.txt",
    "steps"     : [
     "@keyboard: {title}",
	 ".*{title}.*"    ],
    "action"    : "ACTIVATE"
    },
 	   {
    "link"      : "plugin://plugin.video.monstermunch/?fanart=http%3a%2f%2fsteptoesplace.net%2fpics%2fmonster-munch-300x300.png&amp;mode=1&amp;name=%5bCOLOR%20white%5d%5bB%5d%2a%2aREAL%20DEBRID%20MOVIES%2a%2a%5b%2fB%5d%5b%2fCOLOR%5d&amp;url=http%3a%2f%2fsteptoesplace.net%2fserver%2fRD.xml",
    "steps"     : [
     "@keyboard: {title}",
	 ".*{title}.*"    ],
    "action"    : "ACTIVATE"
    },
	   {
    "link"      : "plugin://plugin.video.StarTec/?description=No%20information%20available&amp;fanart=https%3a%2f%2fthevpn.guru%2fwp-content%2fuploads%2f2017%2f08%2fHow-to-Install-Real-Debrid-on-Kodi-17-Krypton.jpg&amp;iconimage=http%3a%2f%2fgen-tec.co%2fgentecwiz%2fPLEASE%2520SUBSCRIBE%2520TO%2520CHARLIE%2520TEC%2520YOUTUBE%2faddonicons%2freal-debrid.png&amp;mode=get_list&amp;name=%5bB%5d%5bCOLOR%20orange%5dREAL%20DEBRID%20%5b%2fCOLOR%5d%5bCOLOR%20white%5d%20MOVIES%5b%2fCOLOR%5d%5b%2fB%5d&amp;url=http%3a%2f%2fgen-tec.co%2fgentecwiz%2fPLEASE%2520SUBSCRIBE%2520TO%2520CHARLIE%2520TEC%2520YOUTUBE%2fstar%2fmovies%2fDEBRID.xml",
    "steps"     : [
     "@keyboard: {title}",
	 ".*{title}.*"    ],
    "action"    : "PLAY"
    },
   {
    "link"      : "plugin://plugin.video.incursion/?action=play&amp;title={title_+}&amp;year={year}&amp;imdb={imdb}&amp;meta=%7B%22rating%22%3A+%22%22%2C+%22code%22%3A+%22{imdb}%22%2C+%22poster%22%3A+%22{poster}%22%2C+%22mediatype%22%3A+%22movie%22%2C+%22director%22%3A+%22%22%2C+%22genre%22%3A+%22%22%2C+%22imdb%22%3A+%22{imdb}%22%2C+%22year%22%3A+%22{year}%22%2C+%22duration%22%3A+%22%22%2C+%22banner%22%3A+%22%22%2C+%22metacache%22%3A+false%2C+%22plot%22%3A+%22%22%2C+%22votes%22%3A+%2227%2C082%22%2C+%22title%22%3A+%22{title_+}%22%2C+%22fanart%22%3A+%22{fanart}%22%2C+%22mpaa%22%3A+%22%22%2C+%22writer%22%3A+%22%22%2C+%22premiered%22%3A+%22%22%2C+%22next%22%3A+%22%22%2C+%22cast%22%3A+%5B%5B%22%22%2C+%22%22%5D%5D%2C+%22trailer%22%3A+%22plugin%3A%2F%2Fplugin.video.incursion%2F%3Faction%3Dtrailer%26name%3D{title_+}%2B%2528{year}%2529%22%7D&amp;t={now}",
    "steps"     : [],
    "action"    : "PLAY"
   }
  ]
 ]
}