{
 "name"         : "AllSources",
 "repository"   : "repository.AllSources",
 "plugin"       : "plugin.video.AllSources",
 "priority"     : 200,
 "id"           : "direct.AllSources.q2",
 "filters"      : {},
 "postprocess"  : "",
 "movies"       : [
  [
   {
    "link"      : "plugin://plugin.video.AllSources/?mode=2&title={title_+}&plot={info[plot]}&imdb={imdb}&tvdb={tmdb}&year={year}&name={name}",
    "steps"     : [],
    "action"    : "ACTIVATE"
   }
  ]
 ],
 "tvshows"      : [
  [
   {
    "link"      :"plugin://plugin.video.AllSources/?mode=2&title={title_+}&plot={info[plot]}&imdb={imdb}&tvdb={tmdb}&year={year}&season={season}&episode={episode}&tvshowtitle={showname}&name={name}",
    "steps"     : [],
    "action"    : "ACTIVATE"
   }
  ]
 ],
 "musicvideos"  : [],
 "music"        : [],
 "live"         : []
}