{
 "name"         : "Navigate [COLOR FF0084FF]-[/COLOR] Project Cypher ([COLOR FF0084FF]Q[/COLOR])",
 "repository"   : "repository.Cypherslocker",
 "plugin"       : "plugin.video.ProjectCypher",
 "priority"     : 800,
 "id"           : "navigate.projectcypher.q",
 "filters"      : {},
 "postprocess"  : "",
 "movies"       : [
  [
   {
    "link"      : "plugin://plugin.video.ProjectCypher/",
    "steps"     : [
     ".*serial.*",
     "><{title}"
     ],
    "action"    : "PLAY"
   },
   {
    "link"      : "plugin://plugin.video.ProjectCypher/",
    "steps"     : [
     ".*test.*",
     "@any",
     "><({title}|{title|replace(',&#39;)})"
     ],
    "action"    : "PLAY"
   },
   {
    "link"      : "plugin://plugin.video.ProjectCypher/",
    "steps"     : [
     ".*serial.*",
     "><.*{title}.*"
     ],
    "action"    : "PLAY"
   },
   {
    "link"      : "plugin://plugin.video.ProjectCypher/",
    "steps"     : [
     ".*test.*",
     "@any",
     "><.*({title}|{title|replace(',&#39;)}).*"
     ],
    "action"    : "PLAY"
   }
  ]
 ],
 "tvshows"      : [],
 "musicvideos"  : [
  [
   {
    "link"      : "plugin://plugin.video.ProjectCypher/",
    "steps"     : [
     ".*concerts.*",
     ".*{artist}.*{album}.*"
     ],
    "action"    : "PLAY"
   },
   {
    "link"      : "plugin://plugin.video.ProjectCypher/",
    "steps"     : [
     ".*concerts.*",
     ".*{artist}.*"
     ],
    "action"    : "PLAY"
   }
  ]  
 ],
 "music"        : [],
 "live"         : [
  [
   {
    "link"      : "plugin://plugin.video.ProjectCypher/",
    "steps"     : [
     ".*iptv.*",
     "><@anycontaining:Click",
     ".*({basename}|{basename|ws()|replace(sports,sport)}).*({extension}|{extension|number_to_text()}|{extension|text_to_number()}).*"
     ],
    "action"    : "PLAY"
   },
   {
    "link"      : "plugin://plugin.video.ProjectCypher/",
    "steps"     : [
     ".*miami.*",
     ".*({basename}|{basename|ws()|replace(sports,sport)}).*({extension}|{extension|number_to_text()}|{extension|text_to_number()}).*"
     ],
    "action"    : "PLAY"
   },
   {
    "link"      : "plugin://plugin.video.ProjectCypher/",
    "steps"     : [
     ".*live.*",
     ".*({basename}|{basename|ws()|replace(sports,sport)}).*({extension}|{extension|number_to_text()}|{extension|text_to_number()}).*"
     ],
    "action"    : "PLAY"
   }
  ]
 ]
}