{
 "name"         : "[COLOR red]Sdarot.tv[/COLOR] ([COLOR gold]סדרות עם תרגום מובנה[/COLOR])",
 "repository"   : "repository.sdarot",
 "plugin"       : "plugin.video.sdarot.tv",
 "priority"     : 100,
 "id"           : "navigate.sdarot.q",
 "filters"      : {},
 "postprocess"  : "",
  "tvshows"       : [
  [
   {
    "language": "he",
    "link"      : "plugin://plugin.video.sdarot.tv/search/0",
    "steps"     : [
     "@keyboard: {clearname}",
	 "{clearname}-.*",
	 "עונה {season}",
	 "פרק {episode}"
     ],
    "action"    : "PLAY"
    },
   {
    "language": "en",
    "link"      : "plugin://plugin.video.sdarot.tv/search/0",
    "steps"     : [
     "@keyboard: {clearname}",
	 "{clearname}-.*",
	 "עונה {season}",
	 "פרק {episode}"
     ],
    "action"    : "PLAY"
    }
  ]
 ] 
}