{
 "name"         : "[COLOR ff0084ff]Gozlan[/COLOR] - ([COLOR green]Select[/COLOR])",
 "repository"   : "repository.Shadow",
 "plugin"       : "plugin.video.gozlan.me",
 "priority"     : 20,
 "id"           : "navigate.gozlanselect.YP",
 "filters"      : {},
 "postprocess"  : "",
 "movies"       : [
  [
   {
    "language": "he",
    "link"      : "plugin://plugin.video.gozlan.me/",
    "steps"     : [
	"חיפוש סרטים",
     "@keyboard:{title}",
	 "{name}"
     ],
    "action"    : "ACTIVATE"
 
   }
  ]
 ],
"tvshows"       : [
  [
   {
    "language": "he",
    "link"      : "plugin://plugin.video.gozlan.me/",
    "steps"     : [
	"סדרות",
     "{clearname}",
	 "{clearname} עונה {season}",
	 "{clearname} עונה {season} פרק {episode} .*"
     ],
    "action"    : "ACTIVATE"
 
   }
  ]
 ] 
}