{
 "name"         : "Bucky Movies",
 "repository"   : "repository.smash",
 "plugin"       : "plugin.video.covenant",
 "priority"     : 200,
 "id"           : "navigate.buckymovies.YP",
 "filters"      : {},
 "postprocess"  : "",
 "movies"       : [
  [
   {
    "link"      : "plugin://plugin.video.Bucky/?fanart=https%3a%2f%2fdl.dropboxusercontent.com%2fs%2fg2kzpozf21nlwn3%2faddonfanart.jpg%3fdl%3d0&amp;mode=1&amp;name=%5bB%5d%5bCOLOR%20gold%5dBUCKYS%20MOVIES%20A-Z%5b%2fCOLOR%5d%5b%2fB%5d&amp;url=https%3a%2f%2fdl.dropboxusercontent.com%2fs%2fvf7591rxr1uq3i9%2fbuckysmovies.txt%3fdl%3d0",
    "steps"     : [
	     ".*{title}.*"
     ],
    "action"    : "PLAY"
   },
   {
    "link"      : "plugin://plugin.video.Bucky/?fanart=https%3a%2f%2fdl.dropboxusercontent.com%2fs%2fg2kzpozf21nlwn3%2faddonfanart.jpg%3fdl%3d0&amp;mode=1&amp;name=%5bB%5d%5bCOLOR%20gold%5dBUCKYS%204K%20MOVIES%5b%2fCOLOR%5d%5b%2fB%5d&amp;url=https%3a%2f%2fdl.dropboxusercontent.com%2fs%2fqgqyru8rcyn0i20%2f4k.txt%3fdl%3d0",
    "steps"     : [
		".*{title}.*"
     ],
    "action"    : "PLAY"
   },
   {
    "link"      : "plugin://plugin.video.Bucky/?fanart=https%3a%2f%2fdl.dropboxusercontent.com%2fs%2fg2kzpozf21nlwn3%2faddonfanart.jpg%3fdl%3d0&amp;mode=1&amp;name=%5bB%5d%5bCOLOR%20gold%5dBUCKYS%203D%20MOVIES%5b%2fCOLOR%5d%5b%2fB%5d&amp;url=https%3a%2f%2fdl.dropboxusercontent.com%2fs%2f9424aselh2hm6lo%2f3D.txt%3fdl%3d0",
    "steps"     : [
		 ".*{title}.*"
     ],
    "action"    : "PLAY"
   }
  ]
 ]
}