{
 "name"         : "[COLOR red]Sdarot.tv[/COLOR] ([COLOR gold]סדרות עם תרגום מובנה[/COLOR])",
 "repository"   : "repository.sdarot",
 "plugin"       : "plugin.video.sdarot.tv",
 "priority"     : 100,
 "id"           : "navigate.sdarot.q",
  "filters"      : {},
 "postprocess"  : "",
  "tvshows"       : [
  [
   {
    "language": "he",
    "link"      : "plugin://plugin.video.sdarot.tv/search/0",
    "steps"     : [
     "@keyboard: {clearname}",
	 "({clearname}-.*)|(.*-{clearname})|({clearname} {year}-.*)|(.*-{year} {clearname})",
	 "עונה {season}",
	 "(פרק {episode})|(פרק {absolute_number})"
     ],
    "action"    : "PLAY"
    },
   {
    "language": "en",
    "link"      : "plugin://plugin.video.sdarot.tv/search/0",
    "steps"     : [
     "@keyboard: {clearname}",
	 "({clearname}-.*)|(.*-{clearname})|({clearname} {year}-.*)|(.*-{year} {clearname})",
	 "עונה {season}",
	 "(פרק {episode})|(פרק {absolute_number})"
     ],
    "action"    : "PLAY"
    },
   {
    "language": "he",
    "link"      : "plugin://plugin.video.sdarot.tv/search/0",
    "steps"     : [
     "@keyboard: {clearname}",
	 "({clearname}.*מדובב.*)|(.*מדובב.*{clearname})|({clearname}.*תרגום מובנה.*)|(.*תרגום מובנה.*{clearname})|({clearname}.*heb.*)|(.*heb.*{clearname})",
	 "עונה {season}",
	 "(פרק {episode})|(פרק {absolute_number})"
     ],
    "action"    : "PLAY"
    }
  ]
 ] 
}