{
 "name"         : "[COLOR ff0084ff]Real Movies[/COLOR] - ([COLOR red]פרימיום[/COLOR])",
 "repository"   : "repository.metalkettle",
 "plugin"       : "plugin.video.real-movies",
 "priority"     : 400,
 "id"           : "navigate.realmovies.q",
 "filters"      : {},
 "postprocess"  : "",
 "movies"       : [
  [
   {
    "link"      : "plugin://plugin.video.real-movies/",
    "steps"     : [
    "@anycontaining:HD-MOVIES",
    ".*{title}.*"
     ],
    "action"    : "PLAY"

 
   }
  ]
 ] 
}