{
 "name"         : "At The Flix",
 "repository"   : "repository.DarkRepo",
 "plugin"       : "plugin.video.AtTheFlix",
 "priority"     : 5,
 "id"           : "direct.AtTheFlix",
 "filters"      : {},
 "postprocess"  : "",
 "movies"       : [
  [
   {
    "language": "en",
    "link"      : "plugin://plugin.video.AtTheFlix/?description=No%20information%20available&amp;fanart=https%3a%2f%2fi.imgur.com%2fJTwgLfz.jpg&amp;iconimage=http%3a%2f%2fmavericktv.net%2fdata%2fflix%2ficon.png&amp;mode=tmdb&amp;name=%5bCOLORred%5d%5bB%5dSearch%20Movies%20And%20TV%20Shows%5b%2fB%5d%5b%2fCOLOR%5d&amp;url=search&quot",
    "steps"     : ["@keyboard: {title}", ".*{title}.*"],
    "action"    : "ACTIVATE"
 
   }
  ]
 ],
 "tvshows1"       : [
  [
   {
    "language": "en",
    "link"      : "plugin://plugin.video.AtTheFlix/?description=No%20information%20available&amp;fanart=https%3a%2f%2fi.imgur.com%2fJTwgLfz.jpg&amp;iconimage=http%3a%2f%2fmavericktv.net%2fdata%2fflix%2ficon.png&amp;mode=tmdb&amp;name=%5bCOLORred%5d%5bB%5dSearch%20Movies%20And%20TV%20Shows%5b%2fB%5d%5b%2fCOLOR%5d&amp;url=search&quot",
    "steps"     : ["@keyboard: {title}", ".*{title}.*"],
    "action"    : "ACTIVATE"
   }
  ]
 ]
} 