{
 "name"         : "[COLOR red]סדרות בלי סוף - תרגום מובנה[/COLOR]",
 "repository"   : "repository.allmoviesin",
 "plugin"       : "plugin.video.tvshows",
 "priority"     : 210,
 "id"           : "direct.tvshows.q2",
 "filters"      : {},
 "postprocess"  : "",
 "tvshows"      : [
  [
   {
    "language": "he",
    "link"      : "plugin://plugin.video.tvshows/?description=%d7%97%d7%99%d7%a4%d7%95%d7%a9&amp;fanart=https%3a%2f%2fcdn.movieweb.com%2fimg.news.tops%2fNEx6Czlz5SCWBy_1_b%2fMarvel-Movies-Release-Slate-2021-2022-Mcu.jpg&amp;iconimage=https%3a%2f%2fpics.clipartpng.com%2fmidle%2fSuper_Hero_PNG_Clip_Art-1119.png&amp;mode=7&amp;name=%5bCOLOR%20kakhi%5d%5bI%5d%d7%97%d7%a4%d7%a9%5b%2fI%5d%5b%2fCOLOR%5d&amp;url=http%3a%2f%2fwww.tvil.me%2f",
    "steps"     : [
     "@keyboard: {clearname}",
	 "{clearname}",
	 ".*{season}*"
     ],
    "action"    : "PLAY"
   }
  ]
 ],
 "musicvideos"  : [],
 "music"        : [],
 "live"         : []
}